{"loss": [1.4110891819000244, 0.47852271795272827, 0.28889209032058716, 0.19821088016033173, 0.14669470489025116, 0.11392371356487274, 0.09140472114086151, 0.07914748042821884, 0.06817571073770523, 0.0632462352514267], "accuracy": [0.5858169198036194, 0.8486948013305664, 0.9069777131080627, 0.9360267519950867, 0.9517746567726135, 0.961974561214447, 0.9692865610122681, 0.9732840061187744, 0.9777935743331909, 0.9790312051773071], "val_loss": [0.6508887410163879, 0.29398831725120544, 0.2127244621515274, 0.1930658519268036, 0.15003858506679535, 0.1436343789100647, 0.134604811668396, 0.1237083300948143, 0.16668255627155304, 0.12014223635196686], "val_accuracy": [0.7966082692146301, 0.9041657447814941, 0.9337582588195801, 0.9403027296066284, 0.9524242877960205, 0.9575461149215698, 0.9590826034545898, 0.9629524350166321, 0.9500910639762878, 0.965740978717804]}